,gender,age_group,familiarity_with_herbal_essences,respondent_location,hair_care_routine_story,ideal_hair_care_product_message,celeb_hair_care_philosophy,current_natural_shampoo_user,motivation_to_try_herbal_essence,price_sensitivity
0,MALE,18-25,Somewhat familiar,Not Specified,Nature inspired,Gentle-Caring,Cultural Heritage Influencers,False,Afordability,Budget-Conscious Consumers
1,MALE,18-25,Somewhat familiar,Not Specified,Time-Pressed,Naturally Healthy,Tech-Savvy Innovators,False,Evidence-Driven Motivation,Premium Product Enthusiasts
2,FEMALE,18-25,Somewhat familiar,Not Specified,Nature inspired,Gentle-Caring,Science Experts,True,Trust-Based Influence,Budget-Conscious Consumers
3,FEMALE,18-25,Never heard of it,Not Specified,Cost-Aware,Naturally Healthy,Science Experts,True,Trust-Based Influence,Budget-Conscious Consumers
4,MALE,18-25,Somewhat familiar,Not Specified,Nature inspired,Personalization-Focused,Science Experts,False,Evidence-Driven Motivation,Mid-Range Value Seekers
5,MALE,18-25,Somewhat familiar,Not Specified,Cost-Aware,Gentle-Caring,Laid-Back Trendsetters,False,Trust-Based Influence,Mid-Range Value Seekers
6,FEMALE,18-25,Never heard of it,Not Specified,Exploration-Driven,Gentle-Caring,Science Experts,False,Evidence-Driven Motivation,Budget-Conscious Consumers
7,MALE,18-25,Never heard of it,Not Specified,Time-Pressed,Naturally Healthy,Science Experts,True,Evidence-Driven Motivation,Mid-Range Value Seekers
8,Prefer not to say,18-25,Never heard of it,Not Specified,Cost-Aware,Naturally Healthy,Cultural Heritage Influencers,False,Afordability,Budget-Conscious Consumers
9,MALE,18-25,Never heard of it,Not Specified,Cost-Aware,Other,Other,False,Trust-Based Influence,Budget-Conscious Consumers
10,MALE,18-25,Somewhat familiar,Not Specified,Exploration-Driven,Personalization-Focused,Tech-Savvy Innovators,False,Trust-Based Influence,Budget-Conscious Consumers
11,MALE,18-25,Never heard of it,Not Specified,Relaxation-Seeking,Naturally Healthy,Cultural Heritage Influencers,True,Afordability,Budget-Conscious Consumers
12,MALE,18-25,Somewhat familiar,Not Specified,Time-Pressed,Naturally Healthy,Laid-Back Trendsetters,False,Afordability,Budget-Conscious Consumers
13,MALE,18-25,Somewhat familiar,Not Specified,Cost-Aware,Naturally Healthy,Laid-Back Trendsetters,False,Evidence-Driven Motivation,Premium Product Enthusiasts
14,MALE,18-25,Somewhat familiar,Not Specified,Time-Pressed,Naturally Healthy,Cultural Heritage Influencers,False,Evidence-Driven Motivation,Budget-Conscious Consumers
15,MALE,18-25,Never heard of it,Not Specified,Time-Pressed,Image-Driven,Laid-Back Trendsetters,False,Afordability,Quality-Oriented Buyers
16,MALE,18-25,Somewhat familiar,Not Specified,Exploration-Driven,Gentle-Caring,Laid-Back Trendsetters,False,Evidence-Driven Motivation,Quality-Oriented Buyers
17,MALE,18-25,Never heard of it,Not Specified,Time-Pressed,Personalization-Focused,Cultural Heritage Influencers,False,Evidence-Driven Motivation,Mid-Range Value Seekers
18,FEMALE,18-25,Very familiar,Not Specified,Time-Pressed,Personalization-Focused,Tech-Savvy Innovators,True,Afordability,Budget-Conscious Consumers
19,MALE,18-25,Very familiar,Not Specified,Time-Pressed,Personalization-Focused,Other,False,Trust-Based Influence,Quality-Oriented Buyers
20,MALE,18-25,Somewhat familiar,Not Specified,Cost-Aware,Naturally Healthy,Science Experts,True,Evidence-Driven Motivation,Quality-Oriented Buyers
21,FEMALE,18-25,Somewhat familiar,Not Specified,Nature inspired,Naturally Healthy,Cultural Heritage Influencers,False,Trust-Based Influence,Quality-Oriented Buyers
22,FEMALE,18-25,Somewhat familiar,Not Specified,Nature inspired,Personalization-Focused,Cultural Heritage Influencers,True,Evidence-Driven Motivation,Budget-Conscious Consumers
23,MALE,18-25,Somewhat familiar,Not Specified,Nature inspired,Image-Driven,Tech-Savvy Innovators,False,Evidence-Driven Motivation,Budget-Conscious Consumers
24,FEMALE,18-25,Never heard of it,Not Specified,Cost-Aware,Naturally Healthy,Laid-Back Trendsetters,True,Afordability,Budget-Conscious Consumers
25,MALE,18-25,Somewhat familiar,Not Specified,Nature inspired,Naturally Healthy,Cultural Heritage Influencers,False,Trust-Based Influence,Premium Product Enthusiasts
26,FEMALE,25-40,Very familiar,Not Specified,Cost-Aware,Naturally Healthy,Science Experts,True,Evidence-Driven Motivation,Premium Product Enthusiasts
27,MALE,18-25,Very familiar,Not Specified,Time-Pressed,Image-Driven,Cultural Heritage Influencers,True,Afordability,Quality-Oriented Buyers
28,FEMALE,18-25,Somewhat familiar,Not Specified,Time-Pressed,Gentle-Caring,Laid-Back Trendsetters,False,Natural Product Appeal,Mid-Range Value Seekers
29,MALE,18-25,Somewhat familiar,Not Specified,Relaxation-Seeking,Personalization-Focused,Laid-Back Trendsetters,True,Evidence-Driven Motivation,Mid-Range Value Seekers
30,MALE,18-25,Somewhat familiar,Not Specified,Cost-Aware,Gentle-Caring,Science Experts,False,Afordability,Quality-Oriented Buyers
31,FEMALE,18-25,Somewhat familiar,Not Specified,Cost-Aware,Personalization-Focused,Science Experts,False,Evidence-Driven Motivation,Premium Product Enthusiasts
32,FEMALE,18-25,Somewhat familiar,Not Specified,Relaxation-Seeking,Gentle-Caring,Science Experts,False,Trust-Based Influence,Mid-Range Value Seekers
33,MALE,25-40,Somewhat familiar,Not Specified,Time-Pressed,Naturally Healthy,Other,False,Evidence-Driven Motivation,Mid-Range Value Seekers
34,MALE,18-25,Somewhat familiar,Not Specified,Cost-Aware,Naturally Healthy,Science Experts,False,Trust-Based Influence,Budget-Conscious Consumers
35,MALE,18-25,Never heard of it,Not Specified,Time-Pressed,Naturally Healthy,Science Experts,False,Trust-Based Influence,Mid-Range Value Seekers
36,FEMALE,18-25,Somewhat familiar,Not Specified,Cost-Aware,Naturally Healthy,Science Experts,False,Trust-Based Influence,Mid-Range Value Seekers
37,MALE,18-25,Never heard of it,Not Specified,Time-Pressed,Personalization-Focused,Laid-Back Trendsetters,False,Evidence-Driven Motivation,Budget-Conscious Consumers
38,MALE,18-25,Never heard of it,Not Specified,Time-Pressed,Naturally Healthy,Other,False,Evidence-Driven Motivation,Budget-Conscious Consumers
39,FEMALE,18-25,Somewhat familiar,Not Specified,Nature inspired,Naturally Healthy,Laid-Back Trendsetters,False,Trust-Based Influence,Quality-Oriented Buyers
40,MALE,18-25,Somewhat familiar,Not Specified,Exploration-Driven,Gentle-Caring,Laid-Back Trendsetters,False,Trust-Based Influence,Budget-Conscious Consumers
41,FEMALE,18-25,Somewhat familiar,Not Specified,Time-Pressed,Gentle-Caring,Cultural Heritage Influencers,False,Evidence-Driven Motivation,Budget-Conscious Consumers
42,MALE,18-25,Somewhat familiar,Not Specified,Cost-Aware,Naturally Healthy,Cultural Heritage Influencers,True,Trust-Based Influence,Budget-Conscious Consumers
43,MALE,18-25,Very familiar,Not Specified,Nature inspired,Naturally Healthy,Other,False,Trust-Based Influence,Budget-Conscious Consumers
44,MALE,18-25,Somewhat familiar,Not Specified,Nature inspired,Naturally Healthy,Cultural Heritage Influencers,True,Evidence-Driven Motivation,Mid-Range Value Seekers
45,MALE,18-25,Somewhat familiar,Not Specified,Time-Pressed,Personalization-Focused,Laid-Back Trendsetters,False,Evidence-Driven Motivation,Mid-Range Value Seekers
46,FEMALE,18-25,Somewhat familiar,Not Specified,Exploration-Driven,Personalization-Focused,Laid-Back Trendsetters,True,Trust-Based Influence,Premium Product Enthusiasts
47,,18-25,Somewhat familiar,Not Specified,Time-Pressed,Naturally Healthy,Tech-Savvy Innovators,False,Evidence-Driven Motivation,Budget-Conscious Consumers
48,MALE,18-25,Never heard of it,Not Specified,Time-Pressed,Gentle-Caring,Cultural Heritage Influencers,False,Evidence-Driven Motivation,Budget-Conscious Consumers
49,FEMALE,18-25,Somewhat familiar,Not Specified,Cost-Aware,Personalization-Focused,Cultural Heritage Influencers,False,Other,Budget-Conscious Consumers
50,FEMALE,18-25,Very familiar,Not Specified,Relaxation-Seeking,Gentle-Caring,Cultural Heritage Influencers,False,Natural Product Appeal,Mid-Range Value Seekers
51,MALE,18-25,Very familiar,Not Specified,Nature inspired,Naturally Healthy,Cultural Heritage Influencers,True,Evidence-Driven Motivation,Mid-Range Value Seekers
52,MALE,18-25,Never heard of it,Not Specified,Time-Pressed,Other,Laid-Back Trendsetters,False,Natural Product Appeal,Budget-Conscious Consumers
53,FEMALE,18-25,Never heard of it,Not Specified,Time-Pressed,Personalization-Focused,Cultural Heritage Influencers,False,Natural Product Appeal,Budget-Conscious Consumers
54,MALE,18-25,Somewhat familiar,Not Specified,Cost-Aware,Other,Laid-Back Trendsetters,True,Trust-Based Influence,Quality-Oriented Buyers
55,FEMALE,18-25,Somewhat familiar,Not Specified,Time-Pressed,Gentle-Caring,Tech-Savvy Innovators,False,Afordability,Budget-Conscious Consumers
56,MALE,18-25,Somewhat familiar,Not Specified,Exploration-Driven,Naturally Healthy,Tech-Savvy Innovators,False,Natural Product Appeal,Mid-Range Value Seekers
57,FEMALE,18-25,Somewhat familiar,Not Specified,Nature inspired,Naturally Healthy,Science Experts,False,Trust-Based Influence,Mid-Range Value Seekers
58,FEMALE,18-25,Very familiar,Not Specified,Relaxation-Seeking,Personalization-Focused,Cultural Heritage Influencers,True,Afordability,Budget-Conscious Consumers
59,MALE,18-25,Somewhat familiar,Not Specified,Cost-Aware,Gentle-Caring,Science Experts,False,Evidence-Driven Motivation,Budget-Conscious Consumers
60,MALE,18-25,Never heard of it,Not Specified,Exploration-Driven,Naturally Healthy,Science Experts,False,Evidence-Driven Motivation,Luxury Brand Believers
61,MALE,18-25,Very familiar,Not Specified,Cost-Aware,Gentle-Caring,Laid-Back Trendsetters,False,Afordability,Budget-Conscious Consumers
62,MALE,18-25,Somewhat familiar,Not Specified,Time-Pressed,Personalization-Focused,Tech-Savvy Innovators,False,Other,Quality-Oriented Buyers
63,MALE,18-25,Never heard of it,Not Specified,Nature inspired,Naturally Healthy,Laid-Back Trendsetters,False,Trust-Based Influence,Budget-Conscious Consumers
64,MALE,18-25,Somewhat familiar,Not Specified,Cost-Aware,Image-Driven,Cultural Heritage Influencers,True,Trust-Based Influence,Premium Product Enthusiasts
65,FEMALE,18-25,Somewhat familiar,Not Specified,Cost-Aware,Gentle-Caring,Tech-Savvy Innovators,False,Afordability,Budget-Conscious Consumers
66,MALE,18-25,Never heard of it,Not Specified,Exploration-Driven,Gentle-Caring,Cultural Heritage Influencers,False,Trust-Based Influence,Budget-Conscious Consumers
67,MALE,18-25,Very familiar,Not Specified,Nature inspired,Naturally Healthy,Cultural Heritage Influencers,True,Trust-Based Influence,Mid-Range Value Seekers
68,MALE,18-25,Somewhat familiar,Not Specified,Cost-Aware,Personalization-Focused,Laid-Back Trendsetters,False,Afordability,Budget-Conscious Consumers
69,FEMALE,18-25,Somewhat familiar,Not Specified,Cost-Aware,Naturally Healthy,Cultural Heritage Influencers,False,Afordability,Budget-Conscious Consumers
70,FEMALE,18-25,Never heard of it,Not Specified,Nature inspired,Image-Driven,Laid-Back Trendsetters,False,Trust-Based Influence,Premium Product Enthusiasts
71,MALE,18-25,Never heard of it,Not Specified,Time-Pressed,Personalization-Focused,Laid-Back Trendsetters,False,Natural Product Appeal,Luxury Brand Believers
72,MALE,18-25,Somewhat familiar,Not Specified,Time-Pressed,Naturally Healthy,Cultural Heritage Influencers,False,Trust-Based Influence,Budget-Conscious Consumers
73,MALE,18-25,Very familiar,Not Specified,Relaxation-Seeking,Image-Driven,Other,True,Afordability,Budget-Conscious Consumers
74,MALE,18-25,Somewhat familiar,Not Specified,Time-Pressed,Gentle-Caring,Tech-Savvy Innovators,True,Afordability,Budget-Conscious Consumers
75,MALE,18-25,Somewhat familiar,Not Specified,Time-Pressed,Personalization-Focused,Science Experts,False,Natural Product Appeal,Budget-Conscious Consumers
76,MALE,18-25,Never heard of it,Not Specified,Time-Pressed,Personalization-Focused,Tech-Savvy Innovators,True,Evidence-Driven Motivation,Mid-Range Value Seekers
77,MALE,18-25,Somewhat familiar,Not Specified,Nature inspired,Personalization-Focused,Science Experts,True,Natural Product Appeal,Quality-Oriented Buyers
78,MALE,18-25,Never heard of it,Not Specified,Exploration-Driven,Naturally Healthy,Science Experts,False,Trust-Based Influence,Budget-Conscious Consumers
79,FEMALE,18-25,Somewhat familiar,Not Specified,Nature inspired,Personalization-Focused,Science Experts,True,Trust-Based Influence,Mid-Range Value Seekers
80,MALE,18-25,Very familiar,Not Specified,Nature inspired,Naturally Healthy,Cultural Heritage Influencers,True,Evidence-Driven Motivation,Mid-Range Value Seekers
81,FEMALE,18-25,Never heard of it,Not Specified,Cost-Aware,Naturally Healthy,Science Experts,False,Trust-Based Influence,Budget-Conscious Consumers
82,MALE,18-25,Very familiar,Not Specified,Cost-Aware,Gentle-Caring,Laid-Back Trendsetters,True,Trust-Based Influence,Premium Product Enthusiasts
83,MALE,18-25,Never heard of it,Not Specified,Time-Pressed,Personalization-Focused,Cultural Heritage Influencers,True,Afordability,Quality-Oriented Buyers
84,MALE,18-25,Very familiar,Not Specified,Time-Pressed,Other,Science Experts,True,Evidence-Driven Motivation,Mid-Range Value Seekers
85,MALE,18-25,Never heard of it,Not Specified,Cost-Aware,Naturally Healthy,Laid-Back Trendsetters,False,Evidence-Driven Motivation,Budget-Conscious Consumers
86,FEMALE,18-25,Very familiar,Not Specified,Time-Pressed,Naturally Healthy,Other,False,Trust-Based Influence,Premium Product Enthusiasts
87,MALE,18-25,Somewhat familiar,Not Specified,Time-Pressed,Image-Driven,Laid-Back Trendsetters,False,Natural Product Appeal,Budget-Conscious Consumers
88,MALE,18-25,Somewhat familiar,Not Specified,Exploration-Driven,Other,Laid-Back Trendsetters,True,Other,Mid-Range Value Seekers
89,FEMALE,18-25,Never heard of it,Not Specified,Cost-Aware,Personalization-Focused,Science Experts,True,Natural Product Appeal,Budget-Conscious Consumers
90,MALE,18-25,Somewhat familiar,Not Specified,Exploration-Driven,Naturally Healthy,Cultural Heritage Influencers,False,Evidence-Driven Motivation,Premium Product Enthusiasts
91,FEMALE,18-25,Somewhat familiar,Not Specified,Nature inspired,Naturally Healthy,Cultural Heritage Influencers,True,Afordability,Quality-Oriented Buyers
92,MALE,18-25,Very familiar,Not Specified,Relaxation-Seeking,Naturally Healthy,Laid-Back Trendsetters,False,Evidence-Driven Motivation,Premium Product Enthusiasts
93,FEMALE,18-25,Somewhat familiar,Not Specified,Time-Pressed,Naturally Healthy,Laid-Back Trendsetters,False,Trust-Based Influence,Budget-Conscious Consumers
94,MALE,18-25,Very familiar,Not Specified,Cost-Aware,Gentle-Caring,Science Experts,False,Afordability,Budget-Conscious Consumers
95,FEMALE,18-25,Somewhat familiar,Not Specified,Time-Pressed,Naturally Healthy,Cultural Heritage Influencers,False,Trust-Based Influence,Budget-Conscious Consumers
96,FEMALE,40 +,Very familiar,Not Specified,Relaxation-Seeking,Personalization-Focused,Laid-Back Trendsetters,True,Trust-Based Influence,Mid-Range Value Seekers
97,MALE,18-25,Very familiar,Not Specified,Time-Pressed,Naturally Healthy,Tech-Savvy Innovators,True,Trust-Based Influence,Luxury Brand Believers
98,MALE,18-25,Somewhat familiar,Not Specified,Nature inspired,Gentle-Caring,Laid-Back Trendsetters,False,Afordability,Budget-Conscious Consumers
99,MALE,18-25,Somewhat familiar,Not Specified,Exploration-Driven,Naturally Healthy,Cultural Heritage Influencers,True,Afordability,Budget-Conscious Consumers
100,MALE,18-25,Somewhat familiar,Not Specified,Time-Pressed,Naturally Healthy,Tech-Savvy Innovators,False,Trust-Based Influence,Luxury Brand Believers
101,MALE,18-25,Somewhat familiar,Not Specified,Time-Pressed,Personalization-Focused,Laid-Back Trendsetters,False,Afordability,Budget-Conscious Consumers
102,MALE,18-25,Somewhat familiar,Not Specified,Exploration-Driven,Naturally Healthy,Cultural Heritage Influencers,False,Evidence-Driven Motivation,Premium Product Enthusiasts
103,FEMALE,18-25,Very familiar,Not Specified,Cost-Aware,Image-Driven,Laid-Back Trendsetters,True,Trust-Based Influence,Mid-Range Value Seekers
104,MALE,18-25,Somewhat familiar,Not Specified,Cost-Aware,Other,Science Experts,False,Afordability,Budget-Conscious Consumers
105,MALE,18-25,Somewhat familiar,Not Specified,Exploration-Driven,Naturally Healthy,Laid-Back Trendsetters,False,Evidence-Driven Motivation,Budget-Conscious Consumers
106,FEMALE,18-25,Never heard of it,Not Specified,Time-Pressed,Other,Other,True,Other,Mid-Range Value Seekers
107,MALE,18-25,Somewhat familiar,Not Specified,Cost-Aware,Gentle-Caring,Laid-Back Trendsetters,False,Evidence-Driven Motivation,Quality-Oriented Buyers
108,FEMALE,18-25,Somewhat familiar,Not Specified,Time-Pressed,Naturally Healthy,Cultural Heritage Influencers,False,Afordability,Budget-Conscious Consumers
109,FEMALE,18-25,Never heard of it,Not Specified,Time-Pressed,Personalization-Focused,Tech-Savvy Innovators,False,Natural Product Appeal,Budget-Conscious Consumers
110,MALE,18-25,Never heard of it,Not Specified,Nature inspired,Naturally Healthy,Cultural Heritage Influencers,True,Other,Budget-Conscious Consumers
111,MALE,18-25,Somewhat familiar,Not Specified,Nature inspired,Naturally Healthy,Cultural Heritage Influencers,True,Natural Product Appeal,Budget-Conscious Consumers
112,MALE,18-25,Somewhat familiar,Not Specified,Nature inspired,Naturally Healthy,Cultural Heritage Influencers,False,Afordability,Budget-Conscious Consumers
113,MALE,18-25,Never heard of it,Not Specified,Time-Pressed,Naturally Healthy,Laid-Back Trendsetters,False,Evidence-Driven Motivation,Budget-Conscious Consumers
114,FEMALE,18-25,Somewhat familiar,Not Specified,Cost-Aware,Naturally Healthy,Cultural Heritage Influencers,False,Afordability,Budget-Conscious Consumers
115,MALE,18-25,Never heard of it,Not Specified,Exploration-Driven,Naturally Healthy,Cultural Heritage Influencers,False,Evidence-Driven Motivation,Budget-Conscious Consumers
116,MALE,18-25,Somewhat familiar,Not Specified,Time-Pressed,Naturally Healthy,Laid-Back Trendsetters,False,Trust-Based Influence,Quality-Oriented Buyers
117,FEMALE,18-25,Never heard of it,Not Specified,Time-Pressed,Gentle-Caring,Tech-Savvy Innovators,False,Trust-Based Influence,Budget-Conscious Consumers
118,FEMALE,18-25,Somewhat familiar,Not Specified,Exploration-Driven,Gentle-Caring,Cultural Heritage Influencers,True,Afordability,Mid-Range Value Seekers
119,FEMALE,18-25,Somewhat familiar,Rural Market,Time-Pressed,Image-Driven,Laid-Back Trendsetters,False,Trust-Based Influence,Mid-Range Value Seekers
120,FEMALE,25-40,Very familiar,Urban Professional Market,Relaxation-Seeking,Gentle-Caring,Science Experts,False,Natural Product Appeal,Mid-Range Value Seekers
121,FEMALE,18-25,Somewhat familiar,Urban Professional Market,Relaxation-Seeking,Naturally Healthy,Cultural Heritage Influencers,False,Trust-Based Influence,Budget-Conscious Consumers
122,MALE,18-25,Somewhat familiar,Emerging Urban Market,Time-Pressed,Gentle-Caring,Tech-Savvy Innovators,False,Natural Product Appeal,Budget-Conscious Consumers
123,FEMALE,18-25,Somewhat familiar,Urban Professional Market,Relaxation-Seeking,Naturally Healthy,Cultural Heritage Influencers,False,Afordability,Budget-Conscious Consumers
124,MALE,18-25,Somewhat familiar,Urban Professional Market,Nature inspired,Gentle-Caring,Science Experts,False,Evidence-Driven Motivation,Mid-Range Value Seekers
125,MALE,25-40,Never heard of it,Urban Professional Market,Time-Pressed,Personalization-Focused,Tech-Savvy Innovators,False,Afordability,Budget-Conscious Consumers
126,FEMALE,18-25,Very familiar,Emerging Urban Market,Nature inspired,Naturally Healthy,Science Experts,True,Trust-Based Influence,Luxury Brand Believers
127,FEMALE,18-25,Very familiar,Urban Professional Market,Relaxation-Seeking,Gentle-Caring,Science Experts,True,Trust-Based Influence,Mid-Range Value Seekers
128,FEMALE,40 +,Somewhat familiar,Rural Market,Relaxation-Seeking,Naturally Healthy,Cultural Heritage Influencers,True,Natural Product Appeal,Budget-Conscious Consumers
129,FEMALE,18-25,Very familiar,Urban Professional Market,Time-Pressed,Gentle-Caring,Tech-Savvy Innovators,False,Other,Luxury Brand Believers
130,MALE,18-25,Somewhat familiar,Emerging Urban Market,Time-Pressed,Naturally Healthy,Cultural Heritage Influencers,True,Afordability,Mid-Range Value Seekers
131,FEMALE,18-25,Never heard of it,Urban Professional Market,Time-Pressed,Other,Other,False,Other,Budget-Conscious Consumers
132,MALE,18-25,Somewhat familiar,Urban Professional Market,Nature inspired,Naturally Healthy,Science Experts,False,Trust-Based Influence,Budget-Conscious Consumers
133,MALE,18-25,Somewhat familiar,Urban Professional Market,Exploration-Driven,Gentle-Caring,Cultural Heritage Influencers,True,Trust-Based Influence,Quality-Oriented Buyers
134,FEMALE,18-25,Somewhat familiar,Urban Professional Market,Cost-Aware,Naturally Healthy,Laid-Back Trendsetters,False,Afordability,Budget-Conscious Consumers
135,MALE,18-25,Somewhat familiar,Urban Professional Market,Time-Pressed,Other,Tech-Savvy Innovators,False,Evidence-Driven Motivation,Mid-Range Value Seekers
136,MALE,18-25,Somewhat familiar,Urban Professional Market,Cost-Aware,Naturally Healthy,Cultural Heritage Influencers,False,Evidence-Driven Motivation,Mid-Range Value Seekers
137,MALE,18-25,Never heard of it,Urban Professional Market,Exploration-Driven,Personalization-Focused,Science Experts,False,Evidence-Driven Motivation,Quality-Oriented Buyers
138,FEMALE,25-40,Never heard of it,Urban Professional Market,Relaxation-Seeking,Naturally Healthy,Tech-Savvy Innovators,False,Afordability,Budget-Conscious Consumers
139,MALE,18-25,Somewhat familiar,Urban Professional Market,Relaxation-Seeking,Naturally Healthy,Science Experts,True,Evidence-Driven Motivation,Mid-Range Value Seekers
140,FEMALE,18-25,Somewhat familiar,Urban Professional Market,Time-Pressed,Naturally Healthy,Cultural Heritage Influencers,False,Trust-Based Influence,Budget-Conscious Consumers
141,MALE,18-25,Somewhat familiar,Rural Market,Nature inspired,Naturally Healthy,Tech-Savvy Innovators,True,Trust-Based Influence,Mid-Range Value Seekers
142,MALE,18-25,Very familiar,Urban Professional Market,Exploration-Driven,Image-Driven,Tech-Savvy Innovators,True,Natural Product Appeal,Quality-Oriented Buyers
143,FEMALE,25-40,Very familiar,Urban Professional Market,Nature inspired,Naturally Healthy,Laid-Back Trendsetters,True,Trust-Based Influence,Luxury Brand Believers
144,MALE,25-40,Somewhat familiar,Urban Professional Market,Cost-Aware,Gentle-Caring,Cultural Heritage Influencers,False,Natural Product Appeal,Budget-Conscious Consumers
145,FEMALE,18-25,Very familiar,Emerging Urban Market,Nature inspired,Personalization-Focused,Science Experts,True,Other,Premium Product Enthusiasts
146,MALE,18-25,Very familiar,Urban Professional Market,Cost-Aware,Gentle-Caring,Cultural Heritage Influencers,True,Afordability,Budget-Conscious Consumers
147,MALE,18-25,Never heard of it,Urban Professional Market,Time-Pressed,Gentle-Caring,Other,False,Trust-Based Influence,Mid-Range Value Seekers
148,MALE,18-25,Somewhat familiar,Urban Professional Market,Nature inspired,Naturally Healthy,Laid-Back Trendsetters,False,Natural Product Appeal,Budget-Conscious Consumers
149,FEMALE,18-25,Somewhat familiar,Urban Professional Market,Cost-Aware,Naturally Healthy,Cultural Heritage Influencers,False,Evidence-Driven Motivation,Quality-Oriented Buyers
150,MALE,25-40,Never heard of it,Emerging Urban Market,Cost-Aware,Naturally Healthy,Science Experts,True,Evidence-Driven Motivation,Budget-Conscious Consumers
151,MALE,18-25,Somewhat familiar,Urban Professional Market,Nature inspired,Image-Driven,Laid-Back Trendsetters,False,Trust-Based Influence,Quality-Oriented Buyers
152,MALE,18-25,Somewhat familiar,Rural Market,Cost-Aware,Gentle-Caring,Other,True,Afordability,Budget-Conscious Consumers
153,MALE,25-40,Somewhat familiar,Urban Professional Market,Time-Pressed,Naturally Healthy,Tech-Savvy Innovators,False,Afordability,Luxury Brand Believers
154,MALE,25-40,Somewhat familiar,Emerging Urban Market,Time-Pressed,Personalization-Focused,Cultural Heritage Influencers,False,Trust-Based Influence,Budget-Conscious Consumers
155,MALE,18-25,Somewhat familiar,Urban Professional Market,Cost-Aware,Personalization-Focused,Cultural Heritage Influencers,False,Evidence-Driven Motivation,Quality-Oriented Buyers
156,MALE,18-25,Somewhat familiar,Urban Professional Market,Nature inspired,Gentle-Caring,Cultural Heritage Influencers,True,Trust-Based Influence,Mid-Range Value Seekers
157,MALE,18-25,Somewhat familiar,Urban Professional Market,Cost-Aware,Naturally Healthy,Cultural Heritage Influencers,False,Natural Product Appeal,Budget-Conscious Consumers
158,MALE,18-25,Somewhat familiar,Rural Market,Exploration-Driven,Gentle-Caring,Cultural Heritage Influencers,True,Evidence-Driven Motivation,Mid-Range Value Seekers
159,MALE,18-25,Somewhat familiar,Urban Professional Market,Exploration-Driven,Naturally Healthy,Science Experts,True,Evidence-Driven Motivation,Luxury Brand Believers
160,MALE,18-25,Somewhat familiar,Urban Professional Market,Nature inspired,Naturally Healthy,Laid-Back Trendsetters,False,Evidence-Driven Motivation,Quality-Oriented Buyers
161,MALE,18-25,Never heard of it,Urban Professional Market,Cost-Aware,Personalization-Focused,Cultural Heritage Influencers,False,Evidence-Driven Motivation,Budget-Conscious Consumers
162,MALE,25-40,Very familiar,Emerging Urban Market,Exploration-Driven,Naturally Healthy,Cultural Heritage Influencers,False,Afordability,Budget-Conscious Consumers
163,FEMALE,18-25,Somewhat familiar,Emerging Urban Market,Relaxation-Seeking,Personalization-Focused,Cultural Heritage Influencers,False,Afordability,Budget-Conscious Consumers
164,MALE,18-25,Very familiar,Urban Professional Market,Relaxation-Seeking,Gentle-Caring,Cultural Heritage Influencers,True,Trust-Based Influence,Mid-Range Value Seekers
165,MALE,18-25,Somewhat familiar,Urban Professional Market,Relaxation-Seeking,Naturally Healthy,Tech-Savvy Innovators,False,Trust-Based Influence,Budget-Conscious Consumers
166,MALE,18-25,Somewhat familiar,Urban Professional Market,Time-Pressed,Naturally Healthy,Tech-Savvy Innovators,False,Natural Product Appeal,Quality-Oriented Buyers
167,FEMALE,18-25,Somewhat familiar,Urban Professional Market,Time-Pressed,Naturally Healthy,Cultural Heritage Influencers,True,Trust-Based Influence,Budget-Conscious Consumers
168,FEMALE,18-25,Somewhat familiar,Urban Professional Market,Time-Pressed,Naturally Healthy,Science Experts,False,Trust-Based Influence,Budget-Conscious Consumers
169,FEMALE,18-25,Somewhat familiar,Urban Professional Market,Cost-Aware,Personalization-Focused,Cultural Heritage Influencers,True,Natural Product Appeal,Budget-Conscious Consumers
170,FEMALE,18-25,Somewhat familiar,Urban Professional Market,Time-Pressed,Image-Driven,Laid-Back Trendsetters,False,Evidence-Driven Motivation,Premium Product Enthusiasts
171,FEMALE,18-25,Never heard of it,Rural Market,Nature inspired,Naturally Healthy,Cultural Heritage Influencers,False,Evidence-Driven Motivation,Budget-Conscious Consumers
172,FEMALE,18-25,Somewhat familiar,Urban Professional Market,Relaxation-Seeking,Naturally Healthy,Cultural Heritage Influencers,False,Afordability,Mid-Range Value Seekers
173,FEMALE,18-25,Somewhat familiar,Urban Professional Market,Exploration-Driven,Gentle-Caring,Cultural Heritage Influencers,False,Afordability,Mid-Range Value Seekers
174,FEMALE,18-25,Somewhat familiar,Urban Professional Market,Relaxation-Seeking,Naturally Healthy,Cultural Heritage Influencers,True,Trust-Based Influence,Budget-Conscious Consumers
175,FEMALE,18-25,Very familiar,Urban Professional Market,Exploration-Driven,Naturally Healthy,Science Experts,True,Natural Product Appeal,Mid-Range Value Seekers
176,FEMALE,18-25,Somewhat familiar,Urban Professional Market,Cost-Aware,Image-Driven,Laid-Back Trendsetters,True,Evidence-Driven Motivation,Mid-Range Value Seekers
177,MALE,18-25,Never heard of it,Urban Professional Market,Time-Pressed,Personalization-Focused,Cultural Heritage Influencers,False,Afordability,Budget-Conscious Consumers
178,FEMALE,18-25,Somewhat familiar,Urban Professional Market,Relaxation-Seeking,Naturally Healthy,Science Experts,True,Natural Product Appeal,Quality-Oriented Buyers
179,FEMALE,18-25,Never heard of it,Urban Professional Market,Cost-Aware,Other,Cultural Heritage Influencers,True,Afordability,Quality-Oriented Buyers
180,FEMALE,18-25,Very familiar,Emerging Urban Market,Relaxation-Seeking,Naturally Healthy,Tech-Savvy Innovators,True,Afordability,Mid-Range Value Seekers
181,FEMALE,18-25,Never heard of it,Urban Professional Market,Exploration-Driven,Image-Driven,Science Experts,False,Trust-Based Influence,Quality-Oriented Buyers
