ideal_hair_care_product_message,celeb_hair_care_philosophy,motivation_to_try_herbal_essence
Gentle-Caring,Cultural Heritage Influencers,Afordability
Gentle-Caring,Science Experts,Trust-Based Influence
Naturally Healthy,Cultural Heritage Influencers,Afordability
Naturally Healthy,Science Experts,Evidence-Driven Motivation
Naturally Healthy,Cultural Heritage Influencers,Trust-Based Influence
Personalization-Focused,Cultural Heritage Influencers,Evidence-Driven Motivation
Naturally Healthy,Cultural Heritage Influencers,Trust-Based Influence
Naturally Healthy,Science Experts,Evidence-Driven Motivation
Image-Driven,Cultural Heritage Influencers,Afordability
Personalization-Focused,Laid-Back Trendsetters,Evidence-Driven Motivation
Gentle-Caring,Science Experts,Afordability
Gentle-Caring,Science Experts,Trust-Based Influence
Naturally Healthy,Laid-Back Trendsetters,Trust-Based Influence
Naturally Healthy,Other,Trust-Based Influence
Naturally Healthy,Cultural Heritage Influencers,Evidence-Driven Motivation
Gentle-Caring,Cultural Heritage Influencers,Natural Product Appeal
Naturally Healthy,Cultural Heritage Influencers,Evidence-Driven Motivation
Other,Laid-Back Trendsetters,Trust-Based Influence
Naturally Healthy,Science Experts,Trust-Based Influence
Personalization-Focused,Cultural Heritage Influencers,Afordability
Image-Driven,Cultural Heritage Influencers,Trust-Based Influence
Naturally Healthy,Cultural Heritage Influencers,Trust-Based Influence
Image-Driven,Other,Afordability
Gentle-Caring,Tech-Savvy Innovators,Afordability
Personalization-Focused,Science Experts,Natural Product Appeal
Personalization-Focused,Science Experts,Trust-Based Influence
Naturally Healthy,Cultural Heritage Influencers,Evidence-Driven Motivation
Gentle-Caring,Laid-Back Trendsetters,Trust-Based Influence
Other,Science Experts,Evidence-Driven Motivation
Naturally Healthy,Cultural Heritage Influencers,Afordability
Naturally Healthy,Laid-Back Trendsetters,Evidence-Driven Motivation
Personalization-Focused,Laid-Back Trendsetters,Trust-Based Influence
Naturally Healthy,Tech-Savvy Innovators,Trust-Based Influence
Gentle-Caring,Laid-Back Trendsetters,Afordability
Naturally Healthy,Cultural Heritage Influencers,Afordability
Image-Driven,Laid-Back Trendsetters,Trust-Based Influence
Gentle-Caring,Laid-Back Trendsetters,Evidence-Driven Motivation
Naturally Healthy,Cultural Heritage Influencers,Other
Naturally Healthy,Cultural Heritage Influencers,Natural Product Appeal
Naturally Healthy,Cultural Heritage Influencers,Afordability
Gentle-Caring,Cultural Heritage Influencers,Afordability
Gentle-Caring,Science Experts,Natural Product Appeal
Naturally Healthy,Cultural Heritage Influencers,Trust-Based Influence
Naturally Healthy,Cultural Heritage Influencers,Afordability
Gentle-Caring,Science Experts,Evidence-Driven Motivation
Naturally Healthy,Science Experts,Trust-Based Influence
Gentle-Caring,Science Experts,Trust-Based Influence
Naturally Healthy,Cultural Heritage Influencers,Natural Product Appeal
Gentle-Caring,Tech-Savvy Innovators,Other
Naturally Healthy,Cultural Heritage Influencers,Afordability
Naturally Healthy,Science Experts,Trust-Based Influence
Gentle-Caring,Cultural Heritage Influencers,Trust-Based Influence
Naturally Healthy,Science Experts,Evidence-Driven Motivation
Naturally Healthy,Tech-Savvy Innovators,Trust-Based Influence
Image-Driven,Tech-Savvy Innovators,Natural Product Appeal
Naturally Healthy,Laid-Back Trendsetters,Trust-Based Influence
Personalization-Focused,Science Experts,Other
Gentle-Caring,Cultural Heritage Influencers,Afordability
Naturally Healthy,Laid-Back Trendsetters,Natural Product Appeal
Image-Driven,Laid-Back Trendsetters,Trust-Based Influence
Gentle-Caring,Other,Afordability
Gentle-Caring,Cultural Heritage Influencers,Trust-Based Influence
Gentle-Caring,Cultural Heritage Influencers,Evidence-Driven Motivation
Naturally Healthy,Science Experts,Evidence-Driven Motivation
Naturally Healthy,Laid-Back Trendsetters,Evidence-Driven Motivation
Gentle-Caring,Cultural Heritage Influencers,Trust-Based Influence
Naturally Healthy,Tech-Savvy Innovators,Trust-Based Influence
Naturally Healthy,Cultural Heritage Influencers,Afordability
Naturally Healthy,Cultural Heritage Influencers,Trust-Based Influence
Naturally Healthy,Science Experts,Natural Product Appeal
Naturally Healthy,Science Experts,Natural Product Appeal
Naturally Healthy,Tech-Savvy Innovators,Afordability
